,A,B,C,D
2000-01-01,0.372279003751117,0.2757547531823936,-0.7715335286790957,0.12178895700650848
2000-01-02,1.0080050454292868,0.2716751132628247,-1.4514076818302555,0.3211533509184934
2000-01-03,-0.8036899818062548,-1.1020618301748293,-1.7894957109996428,-1.8572982552529085
2000-01-04,-1.7604887785591015,-1.349559327565731,-2.385475366923111,-1.5537057816386712
2000-01-05,-2.4631652325868396,-1.132432453343044,-3.339634314111631,-1.9731395643379335
2000-01-06,-2.659429106724982,-0.3116674111302977,-3.2936207019300476,-2.9623612648171527
2000-01-07,-2.080132820110622,0.5537499507062629,-4.329400938691325,-3.0959628155202017
2000-01-08,-3.428529312204176,1.341764209558601,-4.906001315167688,-3.253060466234124
2000-01-09,-1.4870489316888553,0.3648262797292764,-5.886228735269519,-2.759099555448252
2000-01-10,-0.4907980805076144,0.5874239108125185,-3.5736191508979864,-1.7595936651521682
2000-01-11,-1.4534726302281125,-0.9153354295704192,-4.768232222869839,-1.5288254850584908
2000-01-12,-0.24335016572923895,-0.4075294203701716,-5.806486730965479,-1.1031421647355666
2000-01-13,0.21670893222576748,-0.6014982612369899,-6.622775800091378,-1.6068038631289365
2000-01-14,0.4840058149765685,-1.3494724651486822,-6.223205625473905,-0.8311925743237545
2000-01-15,0.8839040012022017,0.3588760678555951,-6.3924403342173255,0.0992491509257577
2000-01-16,0.6258965896052513,1.9729216062300357,-5.639203617110859,0.8646594393918315
2000-01-17,1.0611442926704067,1.848991931243968,-4.139781550174577,2.0331702105992764
2000-01-18,-0.21575230151683744,-0.3379610331849312,-5.238461481497545,2.527930482319955
2000-01-19,-1.3655450364455857,0.5437885640595262,-7.66153887424937,3.545620761477786
2000-01-20,-1.6263464257939544,3.0717430231109892,-7.444543708044815,3.104769922919061
2000-01-21,-3.9522448455659367,2.6760499595294305,-5.744689055606389,3.5158454719393775
2000-01-22,-3.291661472794565,3.960416167676156,-6.217008152198256,3.7731898426239936
2000-01-23,-3.9723700368450148,4.362067614962191,-4.515752605082374,3.4699947883211095
2000-01-24,-4.769342742637583,4.575813026555624,-3.2695413800317796,5.094503701743385
2000-01-25,-5.293232012850441,4.375368562098942,-2.8443353296071785,4.102246266903946
2000-01-26,-7.892517861760075,5.578982155961025,-3.2888732115957313,6.255684263730261
2000-01-27,-9.073072645324,4.63637990720232,-3.6160925667610617,7.55470633114665
2000-01-28,-8.599542054187937,5.7613046302850535,-1.6658189428392471,8.330338835685854
2000-01-29,-8.547558004757864,6.353362907089719,-1.6592547273892657,9.987645431832814
2000-01-30,-8.266520920196262,5.932670352216192,-3.0215866337296102,9.225752512596051
2000-01-31,-7.024038216035759,6.094224156725965,-5.0765372339925054,9.480967341506961
2000-02-01,-6.202535801320424,5.065575021830416,-4.551327208463769,8.152726882819618
2000-02-02,-6.955337710915203,7.051526157664581,-4.194869566300506,6.477403101915272
2000-02-03,-7.042882936987483,5.960964932522118,-3.532425305437809,7.504807252449616
2000-02-04,-6.303465641343669,5.970952215839735,-3.3864090958537925,6.877912011536796
2000-02-05,-5.627975927052766,7.571081274899754,-3.1812775967365567,7.182893194714499
2000-02-06,-3.540165961865654,6.677894292533039,-4.6385531393976,6.819440467425359
2000-02-07,-3.2870651070501413,5.906196438521193,-4.3925787566049195,7.105776317537131
2000-02-08,-2.2699506354329633,4.492671026820748,-4.219002808517937,6.583421353225243
2000-02-09,-2.0208651459888105,3.376210331285559,-2.685625160245811,8.080232170731959
2000-02-10,-0.9856215118681293,4.1898576198462,-1.0071150437585001,6.591196539025624
2000-02-11,-0.7810236752048094,3.856498259906986,-1.417270189950599,6.369895486683352
2000-02-12,-1.191764341921444,4.6951489444599135,-1.1794894973417254,6.7412824670792935
2000-02-13,-0.6920229357137171,5.660370797654659,-2.1116421089982977,7.630903742495169
2000-02-14,-0.6063919521997355,5.5189778058456955,-3.254919590005703,6.464564224570327
2000-02-15,0.5892356179745034,4.994194489399878,-2.5428588122151163,7.317168631211148
2000-02-16,1.2102401525598818,3.680467005488298,-3.672056670984345,5.412773158298116
2000-02-17,1.4205916280546786,2.9825640834769964,-4.652578242265005,4.573405238748805
2000-02-18,2.338653734559239,2.0538187750218113,-5.289831207694414,4.54630121036437
2000-02-19,3.364827983806488,-0.0345675623695878,-5.297184818330336,4.027372795686231
2000-02-20,4.576080579445754,-1.67904113384356,-4.029661256353048,4.162968654130002
2000-02-21,4.105884463829809,-1.5320542267232409,-4.209164573706538,4.057825671478439
2000-02-22,5.058673666977407,-3.1998616911850086,-3.7632947918062527,4.586667011394219
2000-02-23,4.409904884002831,-1.2888159179994043,-5.15588359718814,5.643384218395907
2000-02-24,3.6684991809466228,-1.948618108958194,-6.785903782809583,4.316195405574925
2000-02-25,3.92462406216084,-1.8663820674243183,-8.957456000644347,4.126404451746987
2000-02-26,2.783445221411418,-2.5871415673146627,-10.68734504482881,5.021659026919622
2000-02-27,2.0369999715596423,-1.2140284858792578,-10.317011597190852,4.45959230117358
2000-02-28,1.6785288745743205,-1.2084476131216286,-9.31466500907867,3.7177701604772677
2000-02-29,-0.15852701108115186,-0.03603402621778895,-9.006263861368891,3.48798772366044
2000-03-01,-1.558810483081617,3.215843753832903,-7.916383054622816,3.6610402524007264
2000-03-02,-3.745329187762116,3.797920365538677,-8.521633205352309,5.596108774849423
2000-03-03,-4.872991205447232,1.9905444385376274,-8.085701924555924,6.137023552696494
2000-03-04,-6.126412811812672,2.3809726283710546,-8.771469946673335,8.378349562812975
2000-03-05,-5.952371451353062,1.287196139481128,-8.551507898677011,7.954206751732267
2000-03-06,-5.082590233657509,2.4868519071836532,-8.174241118707574,7.164350128882876
2000-03-07,-4.3636132499008236,1.5501267419949336,-9.642441020567878,8.668514167278317
2000-03-08,-3.749815461610084,2.384203104078113,-9.262941840515651,10.137626202085881
2000-03-09,-2.7308392967322903,3.139246029164395,-7.829616618619068,11.330052494105264
2000-03-10,-1.5933322113796502,2.0444318816817812,-7.48057086037735,12.94033958501991
2000-03-11,-2.7762768421803523,0.3280988779017522,-8.131529257252055,12.541253305750804
2000-03-12,-1.107048307084265,-0.34368016915865696,-9.609691462478873,12.320403248231848
2000-03-13,-0.0013769616875050072,0.006876326908467456,-10.465868790031692,13.927014181653957
2000-03-14,0.15721429778999868,-1.1515057783767597,-10.79803127244701,14.31825821612802
2000-03-15,-0.07140491191850618,-1.0048568484327995,-9.464412658332417,15.062291998880486
2000-03-16,-1.8892803845022041,-0.3857452554360522,-11.40823872676584,13.32335004572351
2000-03-17,-1.5406550718351792,-0.8090794161847665,-12.076706777689317,13.037558619398588
2000-03-18,0.3141110586320033,0.27830194895692895,-13.711593544185956,12.238240297683117
2000-03-19,0.706417969548979,-0.3300172855396264,-15.225776217146374,11.301883247357322
2000-03-20,0.4548920062329411,0.14237504489303637,-14.997817557177026,9.959740143359294
2000-03-21,1.7596999630702455,0.7128384114591844,-15.469862082212387,9.597127886112744
2000-03-22,-0.03206030175516639,1.065194702558528,-16.51396034601309,9.78009537370244
2000-03-23,-1.0261066355199775,0.705756796414371,-16.71633202118178,8.536140676418329
2000-03-24,-0.38134041965973187,0.4736942270435014,-15.840099739667309,8.160096326294132
2000-03-25,-1.4053687948210505,1.7753951236321062,-16.07035660017029,8.872778810788903
2000-03-26,-0.6972928791898902,1.4692002142443454,-17.991986005251285,8.855861892094483
2000-03-27,-2.863680146440789,1.5196768653210089,-17.974628898470446,8.137408610918435
2000-03-28,-2.4488169465846625,2.987976385864563,-18.866787962733667,8.730775867369093
2000-03-29,-2.1468231225478487,3.2001212634695455,-20.886077155987767,8.66190738286911
2000-03-30,-0.8257690392618795,3.747464638637591,-20.66213751740145,7.819876200667272
2000-03-31,-2.1094675435265446,6.208634431644889,-20.096020396121492,9.912548892508234
2000-04-01,-0.64002319763607,7.261136930828769,-22.75355251217173,9.681135159966233
2000-04-02,-1.342354990640327,8.426395589063283,-24.06403842726088,9.820764168208582
2000-04-03,-2.1385959405423076,11.268837263076596,-24.213000781150196,10.48368829033565
2000-04-04,-2.641022163070788,11.12130038584034,-24.249564200980178,11.087316401183207
2000-04-05,-4.6067089175272535,11.457892812255762,-23.797434030035955,11.317085094722493
2000-04-06,-5.357832075935145,10.904549274547968,-24.145119498303195,12.856048332948529
2000-04-07,-5.315858213626583,12.043763700620026,-23.483765809296717,13.257143191701733
2000-04-08,-4.934170666117788,11.617835820730502,-24.562520557813375,11.788709022359464
2000-04-09,-5.419258997249147,11.908169557459079,-25.459814320404327,11.70555750163728
2000-04-10,-5.692013069740789,11.229677002220507,-25.890285616309725,11.279105467806328
2000-04-11,-6.347364324065007,12.079723397665955,-26.0057206476712,13.311664702654388
2000-04-12,-6.218919606796469,12.008634271887631,-27.077854424598282,12.307055047457377
2000-04-13,-5.13802349657167,10.743214052017061,-25.703558508912028,11.77236140275076
2000-04-14,-3.6372889005437177,12.880304830798837,-26.90384482788714,11.245954142721503
2000-04-15,-3.2926153223209997,15.38714790338417,-27.211239874932176,10.724108528866001
2000-04-16,-1.4536656077241668,15.552789375842261,-25.265226310231807,10.624969677253095
2000-04-17,-1.2112560816391753,15.80058981331666,-24.714859571147276,11.769140967696597
2000-04-18,-0.5890763399586237,15.344582192775679,-26.12038178682031,11.645923844342448
2000-04-19,-1.4827813510985228,14.338937044422618,-25.594896301828,10.51153810492047
2000-04-20,-2.7458842580008938,12.76502643724553,-26.40786933956154,11.862119402994544
2000-04-21,-3.456367993405263,12.398485558094968,-25.05181665556489,12.541653729682325
2000-04-22,-3.0836613971517624,13.008418171621488,-26.05700700129762,13.096639771574445
2000-04-23,-2.774616683191435,12.258453998165756,-26.252048006055162,13.203860284444406
2000-04-24,-2.9200926627975585,13.222705930097728,-24.760297402351238,12.761865893053507
2000-04-25,-3.7553540895460245,12.582159190562162,-25.584248065833695,12.900916677372974
2000-04-26,-3.6139983003443135,14.292793888595499,-24.48920558734174,12.79043265377738
2000-04-27,-5.457494981749376,14.316957260260692,-22.571026184523532,11.024219598442413
2000-04-28,-5.142788749779773,15.687746707840002,-22.478474216148534,10.714678675191779
2000-04-29,-6.731052028313057,16.946351188678726,-23.520132249149057,8.450563833215526
2000-04-30,-6.472360812382639,18.253469089887165,-22.389539319329046,8.324605871141713
2000-05-01,-7.682357680700072,19.744177052084723,-21.26716896248075,9.401665231904968
2000-05-02,-7.567128126089646,20.51248030203795,-20.76233813559857,7.952493227031136
2000-05-03,-7.700256535052509,20.32623584281311,-22.087240529799733,7.847467948113064
2000-05-04,-7.55596543638516,19.775743306959146,-22.88047646002462,7.3003955762516
2000-05-05,-6.921969826911334,20.939694535167064,-22.934787613175043,8.678193539278166
2000-05-06,-6.380537306754828,22.593729487219218,-23.902060115452514,9.78018386829148
2000-05-07,-7.384221551981053,22.145941238808867,-23.194692306665242,11.570865330068763
2000-05-08,-6.742269048991254,23.33733740399991,-23.121884484172547,12.363291011302866
2000-05-09,-8.01757924456106,22.881430070652154,-22.530167705716387,13.428036358986335
2000-05-10,-7.738784874953117,24.846494885685168,-20.69131667440277,13.116377298465338
2000-05-11,-9.04804287724889,25.72049047860551,-21.876862959087802,12.511255800551966
2000-05-12,-7.316422864666201,25.322101565748145,-22.149636156482714,11.785480068969358
2000-05-13,-7.04701715747748,25.116672856771032,-21.074837206479494,11.923452673014987
2000-05-14,-7.497093030000958,25.613010495689274,-22.523919264131504,10.882735383872028
2000-05-15,-7.450764637883664,26.139493337121397,-23.5294304505096,9.133417905602208
2000-05-16,-7.442808967479282,25.613406216987435,-24.678992657121533,10.160090638501238
2000-05-17,-6.817212823421013,24.647423002918497,-24.96257356896823,12.11710778128233
2000-05-18,-7.139654539527286,24.88241193714693,-23.694756654515945,11.267966411506839
2000-05-19,-5.8334408345477256,22.690520126777812,-23.1156167998696,11.075072283303387
2000-05-20,-5.766942981818203,23.5146038472282,-24.434136014344606,12.593937227376998
2000-05-21,-5.727091952880974,21.705119356209938,-25.606730888737957,11.897257121340509
2000-05-22,-5.6143487288751395,21.80698646579345,-26.647507036098624,12.365602625202579
2000-05-23,-5.683632682941125,22.61559347622355,-25.435857237424543,11.692899174892325
2000-05-24,-4.638347279112127,23.060107824867977,-26.44607970045238,10.844085385977419
2000-05-25,-3.7817187108088244,21.722390813688033,-27.317315453383067,10.337439601599108
2000-05-26,-4.197855830460387,20.334321913033953,-25.652360731159305,10.255366824033947
2000-05-27,-3.4775463984576853,21.50918637247158,-25.919428826273343,10.763344020218991
2000-05-28,-1.1820006851034952,22.253230175907177,-26.02330584272948,10.913502482617687
2000-05-29,-0.32029483639274103,20.794391912058217,-25.75715803162154,11.828487721698025
2000-05-30,-1.0001268863486303,19.813281186703705,-25.32890406578384,11.279078408602285
2000-05-31,0.3114847587441425,20.311122379182912,-25.350214855765437,10.533216302046256
2000-06-01,0.48516821587743253,20.085235931310898,-24.781168615945614,8.864523364205947
2000-06-02,0.6902661579120374,20.134409088137073,-24.88247679951274,8.610964909699616
2000-06-03,-0.5391005737662308,20.890987559258175,-26.431893260257873,8.427191418513793
2000-06-04,1.2679765735568815,20.908434192503286,-27.591936756333045,9.318417523329419
2000-06-05,1.0946244815349109,21.11006682882862,-26.403645097218465,8.999964914050091
2000-06-06,-0.1138901018855294,20.210774531668527,-27.88464965625267,9.917594635732154
2000-06-07,-0.83344313578574,18.40418796142789,-26.971263867301754,10.420589750965885
2000-06-08,-1.1527554477867967,17.919418277432786,-27.338911792349236,12.622602031807288
2000-06-09,-1.8682886807577312,16.05038699878944,-27.580007039206865,13.016835169104159
2000-06-10,-4.050103459230683,16.188547139897874,-26.810791721271553,13.290798476764985
2000-06-11,-3.9915780127157348,17.322624255999376,-27.299539182320704,13.955904524417722
2000-06-12,-3.647751057361936,18.655943069771155,-26.440685316440145,13.697305687950362
2000-06-13,-4.618799646277343,17.72993553391088,-27.072542628644495,13.293625416576191
2000-06-14,-4.911603428884927,18.311618312439325,-27.003759713735633,14.32176590662273
2000-06-15,-6.831002532959925,18.893585986314587,-27.97974520658115,15.538656531225492
2000-06-16,-7.00969528854183,20.258381811660485,-28.10106855558398,14.206985505900468
2000-06-17,-7.274245636061195,19.713628273928393,-27.6098893133126,14.876323445994334
2000-06-18,-7.264322935301563,18.457670869553105,-26.272957678962094,13.918570527156868
2000-06-19,-8.436458042850989,17.679564485195517,-26.91654004185726,14.391820735166892
2000-06-20,-9.097932305749167,18.096073880696753,-26.926857452563013,14.86755688853659
2000-06-21,-9.35715391345323,15.857961070489248,-27.748296994052506,14.241850680681306
2000-06-22,-8.557584835018123,15.543268131147233,-28.691458310599213,12.418681564509312
2000-06-23,-8.77689229937785,16.79094845614277,-29.11640475605272,13.349017943145713
2000-06-24,-7.742984004783964,15.929181157404255,-26.148947443878914,13.781363041233826
2000-06-25,-8.440720136967165,15.773580430261978,-25.00783048311343,15.525512432101522
2000-06-26,-7.950464028589131,16.46834419120528,-22.558036418408815,16.005452146338815
2000-06-27,-6.103726913376679,15.560350878316296,-22.011981176195377,15.98434424861513
2000-06-28,-5.172676605184767,15.43392296450867,-20.507805653717888,16.854172597684244
2000-06-29,-4.428034233514934,16.72424658979631,-21.10126907407087,17.370795107420516
2000-06-30,-6.16527223005043,18.41017811419109,-20.42065965250351,18.153506562814343
2000-07-01,-6.900542299630329,18.42970631162205,-19.53288110150391,18.3197457433158
2000-07-02,-8.66498281132394,18.880825803015668,-19.867121094492664,18.083207409503107
2000-07-03,-7.882295857818991,19.476319645491216,-19.6100419921357,17.749098038246128
2000-07-04,-8.983591994654613,18.37223214932078,-19.514980807974734,17.059527291301603
2000-07-05,-9.097733268856585,17.191265160176926,-18.508573021598487,16.742502148813923
2000-07-06,-9.928783411898392,17.168081949759344,-18.09612993376965,17.66801261525611
2000-07-07,-11.89566200986084,16.078074903122626,-17.175124805580563,17.67677200698059
2000-07-08,-10.78334647621349,14.54821369697477,-16.134063106117704,15.778333243897865
2000-07-09,-10.842354309634006,15.228614211894987,-16.03080983201596,16.432437778487017
2000-07-10,-11.053508000050563,13.802053709281264,-16.9527897564323,14.450150238058495
2000-07-11,-10.673828847100726,11.818769687984524,-16.60670535079225,13.93971793319825
2000-07-12,-11.518395719306122,10.028431495456122,-16.606359670168406,13.506784039388533
2000-07-13,-13.545901539715251,10.185116098733651,-16.913413400081595,12.562535265831817
2000-07-14,-12.728342999479102,10.42447080569492,-15.018405440974874,11.257691396554835
2000-07-15,-13.975631415128651,10.326110995762335,-13.419101186247474,10.485912330906984
2000-07-16,-13.620323278098134,12.242235160967734,-14.205039374270306,10.221152111583258
2000-07-17,-13.74848383254505,13.033547901847218,-13.098733005780673,9.704391189596345
2000-07-18,-13.733014234888994,13.060156917123521,-13.372517195810987,9.210934417217235
2000-07-19,-13.276686686992297,12.307506833443684,-13.00255432114622,9.77467634414145
2000-07-20,-13.323978481146536,13.110463503411987,-11.370303937216123,11.004575614745173
2000-07-21,-13.662001055626538,15.055380214766801,-11.927890739360118,11.078204007052014
2000-07-22,-15.623562192912175,14.712028983395397,-11.342834307359954,9.653942426940347
2000-07-23,-16.229027671571192,13.23731260531145,-12.80462412524121,8.970926228458145
2000-07-24,-16.807624383506884,13.508257946511193,-12.302378751099466,8.567320511972007
2000-07-25,-16.314385938842477,12.94439585656167,-11.364912614049054,8.761699615799825
2000-07-26,-16.739390026452426,12.16419512925321,-12.205795166550107,10.217754854122907
2000-07-27,-15.17044017649881,11.92431377783317,-11.864606904017553,9.674040406617404
2000-07-28,-15.369649414618262,12.035558212090818,-13.518039289017075,9.96104222899168
2000-07-29,-14.506268923281834,12.311678681692033,-14.202052757906788,9.120401856722522
2000-07-30,-14.560023375061464,12.35195593199533,-14.734335801745907,6.467000511638383
2000-07-31,-16.319178948890695,11.839267932361391,-14.103566731389664,5.2163157413841725
2000-08-01,-15.776254540152262,12.13260206337668,-14.7975795706461,5.219755142002141
2000-08-02,-17.424577338338047,11.893221114031233,-15.183346117757248,4.926719657512225
2000-08-03,-17.919252998778706,11.590500955538742,-16.077618702003058,3.924091343220993
2000-08-04,-17.74638352880137,12.626111052294021,-17.385364039138015,4.235918601115178
2000-08-05,-18.31620524150413,12.078677210512515,-16.483789816407334,3.3054720864484857
2000-08-06,-18.849553407797863,13.494444230186431,-18.193843442607683,4.245943057449071
2000-08-07,-18.823272384235068,13.291432724421684,-18.86435703588935,3.40409043751464
2000-08-08,-18.9379346725282,12.930509405007992,-18.341306183775615,3.2667591075004463
2000-08-09,-19.45452496939585,13.659631263252447,-17.796397809729097,2.8957022788829594
2000-08-10,-20.261963507566353,14.622983496461144,-17.87812945356228,3.969186840923012
2000-08-11,-19.656169818556425,15.974222359889238,-16.079728642984325,3.423475347946353
2000-08-12,-21.082528046037513,15.197396005972688,-18.66492500678367,2.8106264905442244
2000-08-13,-21.202653910991497,13.469199674537986,-18.279379623121944,1.4274274514414664
2000-08-14,-21.22201331260772,12.889420974293593,-18.108564630066574,1.2391726071628102
2000-08-15,-21.1313737551666,12.61746239784253,-18.460698230233902,1.516238290054171
2000-08-16,-22.922254143532857,14.020272458078887,-19.009841371191087,1.5901029287374282
2000-08-17,-24.341859855610572,14.370677078516643,-19.35564770819613,0.8685228289693764
2000-08-18,-22.12923223664103,14.97689685459812,-20.51398792411232,3.163338839196485
2000-08-19,-21.86861745860872,14.600980591883255,-19.35006111925881,2.9653842791198732
2000-08-20,-22.43688441312455,13.550838400104428,-19.800033555863653,2.808704793937016
2000-08-21,-22.7264287218125,13.85054583229492,-20.30724896136026,2.6808450672813358
2000-08-22,-23.588180988957888,14.16496817604248,-22.30792285474041,1.900779615198909
2000-08-23,-25.01645367541953,14.66665137025536,-21.19115704212943,3.7655863600607606
2000-08-24,-25.275730856747963,15.020738014784227,-22.00983920956523,4.529701918171346
2000-08-25,-26.865491456088662,15.522175653637346,-21.73868026724522,5.951901106987757
2000-08-26,-26.973600819849725,17.18014543760746,-21.265713998770227,6.051037690703157
2000-08-27,-26.533234511543245,17.012891122826456,-20.013792333569462,7.98615639155564
2000-08-28,-26.50700383569879,15.72558799902493,-19.417626054814857,6.683337528289602
2000-08-29,-27.041895426332914,16.987282829276587,-19.44939398105892,4.85615550229102
2000-08-30,-27.204396447352142,17.354025957649082,-19.80380472774938,4.61181559515122
2000-08-31,-26.59211389709364,16.72142855755533,-19.357933184869008,3.6209901606982466
2000-09-01,-25.45352591529378,16.809541063540564,-18.976597140423124,4.167864389190886
2000-09-02,-25.957226696400426,16.98744270866524,-19.218030057387924,4.688410183280543
2000-09-03,-28.4347692749411,19.543175863860135,-18.16106382080052,3.700076837717189
2000-09-04,-28.35595340082155,19.800679516028783,-18.163107674323484,3.8416721521913626
2000-09-05,-28.415566570668005,17.636515885270168,-19.29233616643949,2.4952201528386437
2000-09-06,-25.86744959997653,17.948767177391137,-19.936788924731886,1.1852768644618226
2000-09-07,-26.62361824183696,17.774899243132253,-19.89244504941829,2.454603692266731
2000-09-08,-27.170026581085004,16.001072148312954,-18.20127636911795,1.0046961271392518
2000-09-09,-27.570675592123617,17.005827570102912,-18.454850674360525,0.6102211018583863
2000-09-10,-26.66812709446037,16.501954797848263,-18.543388456530344,-0.4761928584762829
2000-09-11,-28.560145755632437,15.253905008868845,-21.815831210342825,0.03490618784262889
2000-09-12,-29.419580623267503,15.122242433858208,-21.962331378233227,0.44486891751866775
2000-09-13,-28.733560126050378,15.186658067367018,-23.023325090768253,0.33641220071450234
2000-09-14,-29.069656263560805,13.536217016233069,-24.13050157685815,0.0013598700067666836
2000-09-15,-29.93304574333406,14.124593140936932,-24.45930382307639,-0.7224804555676683
2000-09-16,-32.40889779596905,13.753043606391932,-24.85027182891139,-1.4286194800293244
2000-09-17,-32.115368517634906,11.819568351333709,-25.346492931091024,-1.4405422273677775
2000-09-18,-32.04725058586055,11.1917996745209,-23.80877614637288,0.12257539042049004
2000-09-19,-30.751163961021753,13.232808428882699,-23.312259941429772,0.5203244482006815
2000-09-20,-31.532192121605316,13.461051952715845,-21.93029897378445,1.4725000957497905
2000-09-21,-33.33621418362412,14.647707066524038,-21.38092085551546,0.9888995729039405
2000-09-22,-33.19058014404277,13.938239935287966,-21.16800731218495,1.948911219709983
2000-09-23,-33.270790266999825,15.513396057760184,-21.484100124469535,0.36807842604061647
2000-09-24,-33.368410747506445,16.053436734988075,-21.591415734352893,1.1241754709372958
2000-09-25,-33.693432705348066,15.360745058886797,-20.755886977228876,0.5379797251675733
2000-09-26,-34.74647379658654,15.384666065731599,-21.28896445700593,2.0698502883941154
2000-09-27,-33.95179006210251,16.742378519662626,-21.812325615921583,0.8355160400368942
2000-09-28,-34.26907840057895,15.327437234278918,-21.6397802474431,0.5518697604708678
2000-09-29,-36.06551886904949,16.503377037295387,-21.86643124883583,0.37242184606193507
2000-09-30,-35.761584619278445,17.726670725783762,-23.012603374298575,1.4198935038340836
2000-10-01,-34.49263609563515,19.069352205897292,-22.195700494223125,2.527081930762177
2000-10-02,-34.09983437603865,19.097501907791397,-21.53085698469162,1.2616137174861393
2000-10-03,-33.818406766531204,19.88356335855567,-21.44231156374424,0.8973625491134956
2000-10-04,-31.772114508868704,21.491268685825755,-21.660323859396925,-1.1158679885934124
2000-10-05,-30.83490902055197,23.40003351459845,-20.85592263413223,-0.9944001403977051
2000-10-06,-30.480874571113358,25.021354241692094,-18.285158236812876,-1.1549095402023397
2000-10-07,-31.520612478846697,24.436817249051785,-17.886252167982697,1.252586923838407
2000-10-08,-31.57103059184401,26.236755908400475,-16.45345077909889,-0.41309811669108165
2000-10-09,-30.175726560011995,26.34442869975314,-15.69636399056083,0.42878757651808064
2000-10-10,-29.2678742940976,26.525562900222717,-14.971884451245527,-1.0824823628683793
2000-10-11,-28.507874466034355,25.31538988328595,-15.775789948655968,-0.22397321991047392
2000-10-12,-28.954510415642048,23.78674491121253,-16.245728180927745,-1.1048078217114323
2000-10-13,-29.27347770198832,24.840162376068946,-16.13509157398849,-0.2766315592931219
2000-10-14,-27.79126281715646,24.80102837149234,-16.45980627673722,1.8484054523382347
2000-10-15,-28.098410720841702,23.363317195796203,-15.677919962481834,2.310649365318657
2000-10-16,-27.991699454916102,23.249808056673828,-15.133950557009582,0.8176194185082013
2000-10-17,-26.593218298558487,24.156132178822844,-14.48225361160886,0.35899090888323104
2000-10-18,-27.169588437966205,25.698475091853393,-14.117396407468293,0.9491039309295752
2000-10-19,-28.20736671701654,24.067150738526845,-14.151678797412998,1.1369469185579726
2000-10-20,-29.54712888782707,24.298540502842393,-13.751156705491764,-0.0862893549184478
2000-10-21,-29.03295658294443,23.973844047402086,-14.407222244788345,-2.137421139474856
2000-10-22,-26.66013381072604,26.220666138762947,-15.074419954324377,-0.6991297730214054
2000-10-23,-26.270973956542296,26.130602830348653,-13.873721747307075,-0.9015882676125992
2000-10-24,-24.50227518372778,25.082756121459834,-13.36318934866634,-1.0404194437349188
2000-10-25,-24.838812535395142,25.053211977054836,-13.038450783996408,0.3320298017558032
2000-10-26,-23.909803603179864,24.591996101420147,-13.21936962354885,1.9047388114015344
2000-10-27,-23.162240645396068,27.32673584777008,-12.22006751696859,0.6583960989881728
2000-10-28,-24.197517157159886,27.144055172732738,-14.142834774353581,2.0977627721596375
2000-10-29,-21.620320038128057,25.671255685854817,-14.28863794398652,2.278376434439135
2000-10-30,-20.857414430616082,25.009427440644625,-14.754701738251011,2.4653948230270255
2000-10-31,-20.450601367662674,23.566644276893882,-14.853086948794385,1.8147958179685104
2000-11-01,-20.72091637898235,22.733716711908897,-14.806637384404766,3.0561346832937
2000-11-02,-19.110146931698623,22.291326749127133,-14.85110389756521,1.7611651172400906
2000-11-03,-16.94752601096635,23.745389036785184,-14.856921551458205,1.331130182049038
2000-11-04,-15.317638838592433,21.2655235714367,-16.059270796179142,0.5456466234482711
2000-11-05,-15.150145456098427,22.373694787686123,-16.557110973708784,-0.16359791089465092
2000-11-06,-15.394499433052184,21.898758333941924,-17.213109996303217,-1.9203897286203304
2000-11-07,-16.187662210732448,23.113780558396513,-18.54122194953755,-1.1651748210556732
2000-11-08,-15.312417015740264,23.66114209391419,-17.351477689887805,-2.1060350381918123
2000-11-09,-14.190989935394056,22.691687694002397,-18.184221176029883,-2.2287238036634713
2000-11-10,-14.128404660474159,21.091258612207792,-17.21240155589332,-2.139083025773596
2000-11-11,-14.362187469990182,21.037860903311174,-16.99509890754128,-2.1356466887781935
2000-11-12,-14.903733867179675,22.36253128052989,-17.904157001737264,-1.2668088743182933
2000-11-13,-14.056600124674272,22.724111213232515,-17.80750439163765,0.5930672802450989
2000-11-14,-12.599397982641703,24.213421753337254,-18.933411003840018,-0.8011563725853879
2000-11-15,-12.293785417651629,23.958117298127924,-19.006830690824103,-2.6986729722003724
2000-11-16,-12.797248615766335,25.725445960738135,-17.668678500808785,-2.7219417001812802
2000-11-17,-13.334826033488106,23.58092605724068,-16.99198888902821,-3.600672890489739
2000-11-18,-12.534510441893506,23.49907564041235,-18.464025374839064,-4.50971538483107
2000-11-19,-12.094826106400692,24.20139511198371,-20.705299280259815,-4.782576679122168
2000-11-20,-12.612514240852986,28.060759511787843,-21.08333330962158,-3.5581332924339106
2000-11-21,-12.56744195993553,27.76474524200089,-22.036347712526805,-3.5432077882567965
2000-11-22,-12.181947608691175,27.402898813015,-21.421256181601926,-1.7195328766620062
2000-11-23,-11.111484024545456,25.42012514072923,-19.351592975301177,-1.8646095797840192
2000-11-24,-11.231696867870717,27.25860828403117,-19.90795852636386,-0.700879616037331
2000-11-25,-11.589271230486844,26.720411181554976,-21.56877298270348,-1.078040433373741
2000-11-26,-11.156329416901023,26.61028440127791,-22.775162526619773,-1.5104741181032428
2000-11-27,-10.893400912033842,26.90919778474233,-20.954837819619115,-0.72454294715173
2000-11-28,-12.595889082031512,28.033102809826467,-21.400349913864023,0.42906061967488873
2000-11-29,-13.227032491824627,28.27131458148459,-18.977610169638428,0.5423107588482092
2000-11-30,-15.027824230092447,29.80549497676144,-19.448119263549007,2.5336429071383435
2000-12-01,-11.764509950791812,30.863431549888208,-19.231620128464172,1.8921406894433495
2000-12-02,-12.553108074669012,30.388636107781196,-17.889835741823518,1.688994012953009
2000-12-03,-12.68517621333146,29.183419553018243,-17.13897344176082,-0.17196585144983279
2000-12-04,-11.457545578527897,29.543648650523266,-18.187966085286334,-0.9744719357787364
2000-12-05,-12.434029103656616,29.619429089425303,-17.111926021768074,-0.9119871505001944
2000-12-06,-13.177681714983006,29.07074211315927,-17.792459805679826,-1.1383001008211981
2000-12-07,-14.71261393936935,29.340126969505125,-18.239814031322652,-1.460303246793171
2000-12-08,-12.654564460509956,29.70702336819758,-17.973091183420536,-4.448734939946496
2000-12-09,-12.018325902328622,30.678838445446054,-17.45947915703509,-3.651580278820109
2000-12-10,-11.237826284223523,31.58011552272848,-16.22444388524324,-2.9997156028135135
2000-12-11,-12.548859345617169,30.827810075650444,-16.255625307719605,-1.8865783710863495
2000-12-12,-13.27310485494028,29.8605246304933,-16.700951128912152,-1.536184495460962
2000-12-13,-14.65885548585082,27.65946066186804,-17.54377615621042,-1.7809316613703312
2000-12-14,-15.348279864198219,28.086076218195068,-17.20834589345729,-2.5444188242253842
2000-12-15,-14.761919785228653,27.673621293690516,-16.67772033618284,-1.0136799560383463
2000-12-16,-15.756819442301897,28.866493315843087,-18.322031934550544,-0.5042874320611522
2000-12-17,-15.177503965040131,28.34635952032645,-17.228195671027454,-2.0239695880598503
2000-12-18,-15.863678802815526,28.145625008173756,-16.781577333646858,-0.7228137750661572
2000-12-19,-15.5185633744383,26.85249294319945,-16.4538509955956,-3.3569395957963772
2000-12-20,-16.925779954068346,26.741201296680703,-16.438887468735256,-4.491494941083241
2000-12-21,-16.381277226337865,27.35925544861412,-17.04748275382246,-6.074756093476967
2000-12-22,-15.671750637025273,27.514783747122333,-17.960007183601224,-5.727563311717023
2000-12-23,-16.267781227215472,28.06899430315092,-16.7890818696084,-5.305874096465077
2000-12-24,-16.94156997739844,27.749061544017803,-15.937513914823896,-5.064339251843729
2000-12-25,-15.31208870191012,28.955964302913436,-16.133507242054236,-5.7641226290700835
2000-12-26,-15.20417061953368,27.804771730194183,-16.03896578557559,-5.075340057139588
2000-12-27,-15.005338728947738,27.922342316588175,-14.417870851010989,-3.9525008312577707
2000-12-28,-14.888654447916442,27.163375424321604,-15.563137003085462,-4.3709730034441066
2000-12-29,-14.588973979776146,26.871234796248867,-14.4189393805118,-4.469626626142764
2000-12-30,-13.4019141726388,26.02996415567091,-14.781347222343877,-2.490858299502041
2000-12-31,-13.919325251523224,28.558256199050213,-15.899693235730098,-2.1006885793673056
2001-01-01,-14.392802016321133,29.43452150279779,-15.820763139400674,-0.7254396778214403
2001-01-02,-13.732470013575323,29.370979967463107,-16.437346320007823,-2.6427732000993505
2001-01-03,-13.56638652841968,29.781540883518584,-16.500878807205538,-3.240438369419666
2001-01-04,-11.607863180283394,29.580348198651173,-17.218629957931146,-2.185455260210976
2001-01-05,-14.141441118408007,30.91587548907243,-18.82726492766761,-2.666023514223417
2001-01-06,-12.705439082294301,31.192212724762964,-20.39456903276246,-2.248757878017049
2001-01-07,-12.918397766255273,30.213454183614733,-20.861236349228733,-0.9609974958369472
2001-01-08,-13.250163506015758,29.844101714930478,-20.476664492609455,-1.2937542258074164
2001-01-09,-14.01226287308166,28.940727306557548,-19.30157103104921,-1.3369220908351074
2001-01-10,-14.337667522656423,27.545609168716368,-21.410720685008478,-1.7171263586721925
2001-01-11,-13.58099524225203,28.91492603522032,-20.204650753170903,-2.3858765575713274
2001-01-12,-12.28374559084539,30.344331621956343,-19.421228095166,-0.6122692914962293
2001-01-13,-11.385320016630317,29.771607289987305,-19.672059835587884,0.9310147697889115
2001-01-14,-11.926229136826802,30.516332775585017,-18.989227578458003,1.1469514317021008
2001-01-15,-11.583366866834139,29.5229150821407,-17.27931232194324,0.09293476494230957
2001-01-16,-12.299743525055401,29.24845686171896,-17.701776602188684,-0.7890218728948619
2001-01-17,-12.564907324944157,29.624311344616594,-18.512229437980366,0.4824954544709239
2001-01-18,-12.318362651211057,29.141033635627853,-20.68421161113592,0.08860223523722655
2001-01-19,-12.346718493745687,28.832942117768486,-19.590875978803968,0.18340430288029116
2001-01-20,-12.714622910743891,29.100185046625253,-20.48346663014694,-1.0696044746974027
2001-01-21,-11.586883063885821,29.177889756215862,-19.279354031876952,-0.22674569629039787
2001-01-22,-13.148778586712295,29.323635471509437,-17.838945920211607,2.250438910395494
2001-01-23,-13.705630498080057,28.872839003524344,-19.595606373362095,0.2742390474347216
2001-01-24,-14.58272111893814,30.24100661261613,-18.825789021442134,-0.4460494230505896
2001-01-25,-17.01225585334582,30.08153256827908,-18.898516289419987,-0.843310938467626
2001-01-26,-18.17935411397591,31.45242519133582,-19.028243654012606,-0.4439216464288645
2001-01-27,-18.961202579136383,31.103955032548967,-18.30588398438563,-0.4001954315847711
2001-01-28,-18.841379902752255,29.791891100862607,-16.28684715879701,-0.20871411869816234
2001-01-29,-18.43957661408155,27.58474690801287,-16.801677183362262,1.0845245417383014
2001-01-30,-19.671324856290546,28.07502020417972,-17.88070188485974,0.011857547430689896
2001-01-31,-19.004940190391558,28.838537957783245,-16.23203540725652,0.2652327462847051
2001-02-01,-20.28515992008166,29.276345295754613,-16.82624195072965,-0.16610506498809335
2001-02-02,-19.99304380407482,29.13580696992423,-17.44285098260975,0.2693509768882599
2001-02-03,-19.827579568908,30.519042960533355,-16.734870843584233,1.11047521772083
2001-02-04,-21.968767924925093,32.92101953362761,-16.649611349115613,0.0785636196949091
2001-02-05,-21.54359333372186,33.17881280842121,-15.38415336086838,0.3285528176179901
2001-02-06,-20.90715090548544,33.84842127678702,-15.92736980855524,-0.21659634059307714
2001-02-07,-20.574026236990683,33.294991462976014,-17.32187747171705,2.2248852162641795
2001-02-08,-20.983949763183638,33.32681812541477,-16.516418677356935,3.9518563834936202
2001-02-09,-21.480964108149738,31.06953396779961,-16.155703457851967,3.4758230461390367
2001-02-10,-19.02473576171613,31.446923703972445,-16.015800594441075,1.025556106699245
2001-02-11,-20.212911013479122,30.5117600080759,-16.170017419385523,1.4568328795683212
2001-02-12,-19.52715153482261,30.883169859251314,-17.804836423639514,0.6709332017437041
2001-02-13,-20.330387662006807,30.963115711170136,-18.25430730372403,0.48608655828247554
2001-02-14,-20.64621834738978,29.232193689460868,-17.521381502845202,0.4713130155999755
2001-02-15,-21.028108053430447,30.773302585744574,-16.993027236618886,-1.2900287779114414
2001-02-16,-21.634493757473084,30.749090852926546,-17.308770135482803,-1.49578415789707
2001-02-17,-22.54712631294059,31.132718221128957,-16.922298466721575,-1.4353132496038958
2001-02-18,-22.110333886555264,31.95348430449829,-17.18325597101767,-0.8779800620486966
2001-02-19,-23.108919051775466,32.130775512649464,-17.205581362953776,-0.814089119944659
2001-02-20,-23.134879786329822,31.850183734689796,-17.144837786081084,0.4674773496693999
2001-02-21,-23.420000898340472,32.24900811761714,-18.360096005291386,0.26495720072742757
2001-02-22,-23.96598157287667,32.194946156428934,-17.382473480939854,1.7095018232255175
2001-02-23,-23.712147192022098,31.88006538585539,-18.1206673858358,1.3716452191969464
2001-02-24,-23.580537266565475,30.87694643002431,-18.242730054227838,0.567369334976979
2001-02-25,-25.068103252747868,30.886540221642992,-17.353767128229,2.0544870752484488
2001-02-26,-23.38453478577865,31.817027456011,-18.06239835078607,0.9525493376797882
2001-02-27,-22.689603086503805,32.72241619075986,-18.523748433011928,0.270761840414136
2001-02-28,-23.555961006594313,32.713542213134836,-17.49529400347817,1.4242642699236003
2001-03-01,-23.246925044226,32.69273210542791,-17.032259327818963,0.49555724744819774
2001-03-02,-21.27549186225631,31.47322822873382,-15.690177960616378,0.03712151404345848
2001-03-03,-21.230144651488875,30.901170023075185,-13.581875335336594,-0.08371076830778336
2001-03-04,-20.626316566573475,30.70543609370786,-14.992554456754695,-1.0354508487871572
2001-03-05,-20.943214185109376,30.32499368429399,-15.787167124247121,-0.5467914246560541
2001-03-06,-21.515711156059798,30.25369568798311,-15.592254523797006,-0.7317490948075984
2001-03-07,-21.62438059046533,30.35732098214503,-16.42524221298658,-0.12420486737683412
2001-03-08,-21.544639680321527,30.70583917151442,-18.316388029372774,-1.070679846386137
2001-03-09,-21.44587372195759,31.250256646274007,-18.561001162946166,-0.24853185461955662
2001-03-10,-22.211966675139067,31.281849114484263,-18.934889406261853,0.04782788367901891
2001-03-11,-23.66849244604678,32.68340351512391,-16.971144562376164,0.8829753805760773
2001-03-12,-24.62186522255753,33.56234298165473,-16.177593449303163,0.9337989884707488
2001-03-13,-25.35987089420965,32.74287191258444,-17.951830604561852,1.5382646985003394
2001-03-14,-25.1834540809551,32.80778299153958,-19.478147496016394,0.3116304209768308
2001-03-15,-26.397192046932393,32.48269747206998,-19.655835214630585,0.6073518466822734
2001-03-16,-25.219793017452197,32.28190756325434,-19.342529715745766,0.9925282409780056
2001-03-17,-25.746278394845216,33.73771202017475,-18.16278506675253,0.6689812729632807
2001-03-18,-27.19519939550682,34.20939281432767,-17.79847752067855,0.43925303952515227
2001-03-19,-26.12648435623223,34.201539561470454,-17.53153408472112,-0.6650308810166287
2001-03-20,-26.0425482663658,34.440259717074944,-16.77109196419468,-0.8781551293019648
2001-03-21,-27.41958215683199,34.59787877640503,-17.83605819725759,-0.069604169138057
2001-03-22,-28.883559695790726,33.990665540930436,-16.356403536690337,0.23992618943874344
2001-03-23,-28.697261040052613,33.8138244882674,-15.526295504328488,-1.676061164936568
2001-03-24,-27.832017414895542,33.379980368974465,-16.272946219641117,0.8649887112779078
2001-03-25,-25.427013715506927,34.41858547209897,-17.746199741093122,1.640583133065558
2001-03-26,-26.517325927160556,33.70585524387557,-18.068764445004426,2.4250440985297685
2001-03-27,-27.412208538597163,32.44764288811906,-17.932293778451566,2.9832955365338614
2001-03-28,-26.17032052876927,32.65177519428041,-17.116780646430925,2.863981365809014
2001-03-29,-26.000407714228746,32.01843134364397,-18.689351678051988,1.9760470328154642
2001-03-30,-26.3776780903744,32.22156256079738,-18.277842701159173,0.7468036022223468
2001-03-31,-24.97216184510214,32.89429225982472,-18.284658416754024,-0.19811331536308951
2001-04-01,-24.270310160686503,33.800926873308356,-18.409688283127366,-0.8979762170079485
2001-04-02,-24.046604037438005,34.2733198051754,-18.293547763980516,-1.2611782933415725
2001-04-03,-24.153950600361735,32.11797336014345,-18.32141773656833,-1.7338017145737519
2001-04-04,-24.572078297880044,31.634552893509976,-17.3347985823547,-1.1183068199257895
2001-04-05,-25.43342277834979,32.42871971710393,-16.51139272283331,-2.4627946470853237
2001-04-06,-24.688158680804264,31.72459131052631,-15.975388220348266,-1.415453873723071
2001-04-07,-24.44283119387569,32.7439309326606,-15.130233584421628,0.18525119214098673
2001-04-08,-24.367093065058317,31.025118398666418,-14.829370837108092,-0.5537864420593032
2001-04-09,-24.767504821033373,30.50258603054013,-15.15788926497938,-0.26423874369179434
2001-04-10,-24.44746695500715,31.773888311659288,-14.28085644024411,-1.664203153839715
2001-04-11,-25.075783808522136,30.43588542389707,-14.365375357484814,-3.1313424804412375
2001-04-12,-25.93866570589471,30.307028261704637,-13.94561610242542,-4.103571620248112
2001-04-13,-24.389656719797255,30.686358361174474,-12.72506518134743,-3.771076073776302
2001-04-14,-24.834865153678056,31.418021716895275,-12.390518209427192,-4.74947372115624
2001-04-15,-25.801949810402725,31.353205927221072,-12.070409440328598,-5.793889632343603
2001-04-16,-27.102963425579606,29.588270697061933,-11.34051783811949,-5.08637073239819
2001-04-17,-28.497598516348532,31.277363362511853,-11.059467414242027,-5.027807155173008
2001-04-18,-27.515594976879445,31.923126648288797,-10.68522392682438,-4.6473617642276785
2001-04-19,-27.06862725764583,30.735681375569616,-11.861842780069129,-2.5673922696974434
2001-04-20,-26.368024190988056,32.27098417125146,-13.024132711123135,-4.154654490217038
2001-04-21,-25.69727173117984,33.10876675618962,-11.785404945710093,-4.227992049279088
2001-04-22,-24.874737930596307,32.95687976344228,-11.466667652404015,-4.063155810253056
2001-04-23,-22.018277857340163,32.63224249246496,-10.777509306769872,-2.020955162618258
2001-04-24,-21.675655585910693,33.3335525805101,-10.791373588438779,-1.8656337680361086
2001-04-25,-21.542885760702404,34.550383898767635,-10.338495766552333,-1.623200519878415
2001-04-26,-22.98319341899524,35.09678438784933,-11.326361916800755,-0.6021791680640476
2001-04-27,-23.89284517867924,36.158245113613674,-10.839637458504862,0.02528281750319472
2001-04-28,-22.97562990048633,35.78707299611533,-10.296569997373183,-1.7053864920473571
2001-04-29,-23.42691966187195,34.6893757287944,-9.604909836028849,-2.4386567090763984
2001-04-30,-23.87669410934711,36.34120847226323,-9.94513791069764,-2.5625106068431496
2001-05-01,-23.684863635334267,35.2290099729173,-10.890220492692077,-0.9572133832950369
2001-05-02,-24.263543754993115,36.073666322107094,-12.648821072540516,-1.4862661611055008
2001-05-03,-24.08231044143694,34.87532368802246,-13.616360235741798,0.376795285201563
2001-05-04,-24.660749340489268,35.96070302337659,-12.690315789780094,1.1605547196863657
2001-05-05,-25.84509479494508,34.251981126521926,-11.32383358601409,1.283187836712402
2001-05-06,-25.475847674134343,33.81291930508902,-12.528397785669732,0.1088570904264341
2001-05-07,-27.451304152879796,33.02459700387923,-11.95936417939668,1.1227258539041147
2001-05-08,-27.337623435127345,34.54617046801271,-12.213128835042973,3.054923523516808
2001-05-09,-28.302403621585288,34.83790307772172,-11.548829329964224,2.8137903972856386
2001-05-10,-29.91522768323722,36.542223360153855,-11.791189085368696,2.0769448544973867
2001-05-11,-30.007900453153656,36.56507345536798,-11.537058200389689,2.1635905003141245
2001-05-12,-31.030313348791523,37.01056537788404,-11.156110580709848,0.763827195426638
2001-05-13,-32.38907175243515,36.777776166005694,-8.329173009203105,0.03075125477632301
2001-05-14,-34.79119077292536,37.68790280040304,-8.934940394893303,-0.5907079363501802
2001-05-15,-34.4852128423368,37.290909999159034,-8.775663900409723,0.06391105306345768
2001-05-16,-33.26810815762928,35.22827063338565,-7.9419713730396655,-0.622136591624585
2001-05-17,-34.185063351923894,35.391956662088404,-9.438415698184631,-1.3828886486570797
2001-05-18,-33.75140231197422,36.260879669071734,-8.498859546732739,-2.214098078183675
2001-05-19,-33.5189964348486,36.95543023389391,-10.710829417018601,-1.9006846405245348
2001-05-20,-33.08998565283103,37.47455639466673,-8.66921920041142,-2.7018311510097464
2001-05-21,-31.610969201518127,37.606411970267764,-8.662218107891329,-0.5184988122911718
2001-05-22,-31.825968553405247,37.78890395164168,-8.411927043240835,0.9430521363080075
2001-05-23,-32.15548171486509,36.77164769576118,-9.40234034689688,0.2488176500903524
2001-05-24,-33.23994704906267,38.01471216625479,-8.83176156505776,0.4545035599501961
2001-05-25,-32.62210849159001,37.68028013355293,-8.836197411002267,0.2054401464804387
2001-05-26,-32.79994508750526,37.4000148112229,-8.243241383554468,-0.537723424644985
2001-05-27,-32.12288816191894,39.3289068341599,-7.572747621950692,1.0797579367348922
2001-05-28,-29.588307676898832,40.69665645455183,-9.469972367628797,1.2479230425185355
2001-05-29,-28.857532994544986,42.445702934594074,-10.094041344978107,0.16017312048406196
2001-05-30,-30.1691705124243,41.91417935633573,-10.000109401104398,0.32586353804818746
2001-05-31,-30.836587208882474,42.70403122410288,-9.153660222821477,0.7365908642702845
2001-06-01,-30.179870807589616,43.775935897580446,-9.781157251883501,0.918436822182535
2001-06-02,-29.614795033474806,43.976701402389544,-10.143425727524908,1.9770179907585643
2001-06-03,-29.831545076208148,45.269721325547486,-9.839707968912947,1.6705403495285986
2001-06-04,-30.763203759349054,45.69829352318214,-9.000185429492992,2.3831836412797234
2001-06-05,-31.36469048473247,46.98550268717189,-8.201644441889202,3.755873733908292
2001-06-06,-33.13662746857259,48.72171541436526,-7.652576616605163,3.607677509022107
2001-06-07,-34.523419041514074,48.34210728141548,-6.751122127734136,3.483433494519698
2001-06-08,-33.47262915028701,47.67453255032228,-8.031152940382096,2.10384500963224
2001-06-09,-33.47500783844405,46.05124524686761,-8.17685376192054,2.941068355563705
2001-06-10,-31.62409793170879,44.783098675053495,-7.614174430373655,3.9934079181510738
2001-06-11,-32.51521330474753,42.6965661630334,-6.266841435160653,3.8763587265916515
2001-06-12,-34.69190811842463,42.67934268765818,-5.756497690290343,3.5819377646609087
2001-06-13,-34.35205386890993,42.92721510443424,-6.80554556846664,4.970314365713841
2001-06-14,-33.380664723757285,42.16552411889842,-6.775052575682565,4.395154949737234
2001-06-15,-32.323839533751496,41.83605864212469,-8.047677932126556,5.428971577184863
2001-06-16,-32.264149227963095,42.31217936319025,-8.065744964993478,6.164763303082546
2001-06-17,-30.496347449199718,41.303297033719396,-7.9462610474178454,4.837551413776552
2001-06-18,-30.99383072500802,42.34824573344418,-8.927980825260011,4.042043738569119
2001-06-19,-30.07115388643493,42.65111313641294,-8.305437773083304,5.2923304819412085
2001-06-20,-29.634953121518222,43.13187057276932,-7.402994901049983,5.557957386354201
2001-06-21,-29.692023904167993,42.61965723882389,-6.394103172125819,5.90587239062818
2001-06-22,-28.50688541099181,41.410828129448696,-6.191023601116896,4.466728500538607
2001-06-23,-28.048339406539853,42.23242509163564,-5.600764123500279,5.429486694087431
2001-06-24,-29.203155428759025,40.94746369813767,-4.194735892394083,6.342965829286368
2001-06-25,-30.91337153828908,41.50906853155712,-5.337600217013712,6.3451491775991995
2001-06-26,-28.63180620682059,43.16689765046498,-6.176159185254685,6.82604762185191
2001-06-27,-28.508130500209095,43.4887049084542,-6.567816713292632,5.770716924810205
2001-06-28,-29.27115055056486,42.59248261343501,-6.304620885790841,5.587970816248882
2001-06-29,-27.515848750752692,42.02809202863666,-6.488823873130178,4.912702638973957
2001-06-30,-26.36028945855941,41.74546358533186,-6.961438439489501,3.586025404193385
2001-07-01,-24.780261787389453,44.14943809549407,-6.814418105202347,3.5197828464442473
2001-07-02,-25.63402668232683,43.652155107363136,-5.86654446031116,3.1370244232852267
2001-07-03,-26.687213940650416,42.81573236203145,-5.604941603778336,2.4222204924380266
2001-07-04,-26.72382685675504,42.67209060118297,-6.3256954218174295,1.5679551075700993
2001-07-05,-28.295205085315164,42.668244843785736,-6.784681580133959,1.3661913062815785
2001-07-06,-29.16278277905551,40.570736322733616,-6.652260497729774,0.8540093251896616
2001-07-07,-29.46852008102222,37.842370950044746,-6.238856457465774,1.061345369992661
2001-07-08,-29.543932881045283,37.49820311015526,-5.03862046051922,1.16857451445676
2001-07-09,-29.349171923231786,36.21570531335787,-5.380699956548856,1.5376448057107721
2001-07-10,-30.364256662483296,37.44163836591971,-5.453347365685924,1.3965498028481613
2001-07-11,-28.850644969902596,38.55784594490198,-4.935755618223625,2.143759370443142
2001-07-12,-28.942919364477515,38.58903712464549,-5.214260320838718,3.9270438051918326
2001-07-13,-28.415163080053247,38.99853083654759,-3.0459893213220326,3.0603732494687677
2001-07-14,-28.627175445921992,39.737326801637366,-3.648485742598292,2.8106137373440365
2001-07-15,-28.40116188300206,39.686740370450494,-2.8738293858344353,2.795179635519754
2001-07-16,-27.744818635763167,39.822590051396894,-2.952594620034726,1.9668071428256506
2001-07-17,-26.563042048605112,40.65651000564646,-3.779120990410495,0.9504113655436173
2001-07-18,-26.23625546765562,41.72501975865081,-2.875895539841424,1.5170311013617308
2001-07-19,-25.163065163314876,44.24234359746084,-3.851948894239545,1.645965118398101
2001-07-20,-23.921430163779377,44.12170623240751,-4.991316360626089,1.689874358502336
2001-07-21,-24.819928434980643,44.96405301464684,-3.037284247718003,1.1687794003171093
2001-07-22,-25.04154792510652,46.37209563644136,-4.044164871242139,2.812245531995576
2001-07-23,-25.519902943651285,46.30062292845513,-4.291685522410289,2.424204234169029
2001-07-24,-25.034035870717457,47.26952751634132,-3.0847031152647184,4.011548458434374
2001-07-25,-25.08256481123707,46.183311020666125,-2.180009427635222,4.632722481951379
2001-07-26,-26.682915631900926,46.58407771421636,-0.7095013776945294,5.304523300766007
2001-07-27,-25.928409286476274,47.28976871477367,0.4929595524399728,4.773378925658777
2001-07-28,-24.44996869696751,47.530454157922655,2.498172141432341,5.1039013553622645
2001-07-29,-24.704511232235216,49.45244540860978,1.37697407765901,4.939543191814846
2001-07-30,-26.01411232040868,50.347148914955426,1.286205543016668,3.798162957390235
2001-07-31,-27.02995644681932,51.429515699204224,-1.083101140818195,3.116118061027745
2001-08-01,-27.238322100153194,51.77830542488616,-1.0129887454328348,3.3136320604405385
2001-08-02,-27.334968843411236,52.4232072971767,-2.4412428006210636,4.395077586066048
2001-08-03,-26.713087424323465,51.165283592711866,-3.2095703519155427,5.4281908053966115
2001-08-04,-27.025231267787056,52.99626829701964,-4.1747331228028175,4.619653189244196
2001-08-05,-26.52689713978058,51.14939403611976,-5.551648995634977,4.934727949630556
2001-08-06,-27.32189288369244,52.51993736164799,-5.350231287637781,6.408466854985098
2001-08-07,-26.75186630414061,51.46171276637119,-6.150590914518565,6.072126153605716
2001-08-08,-27.040272994990474,53.41607130612418,-6.0728520404584065,4.969262525608366
2001-08-09,-27.339989086553274,52.81763244657977,-7.379922963218022,6.9427275465773235
2001-08-10,-26.974112712223647,51.40795780288241,-6.377861250869983,6.505746802317849
2001-08-11,-27.419781696433418,51.63841981525551,-5.6882682149468415,5.974900724522317
2001-08-12,-26.175977442851092,52.458952441885046,-5.5194412819798435,4.896990744926185
2001-08-13,-25.485642445899103,52.17035057380909,-4.2562997805505205,4.627735939284814
2001-08-14,-26.077467555464782,53.87234298911432,-5.56910410230345,7.32431071701421
2001-08-15,-27.56070167376126,53.960970748084314,-5.236565869789273,9.259191306889845
2001-08-16,-28.487933977602463,53.41292090426578,-5.292469479372536,11.223372909687042
2001-08-17,-27.6763833834615,53.78537167958353,-4.101023198910546,10.132038748374695
2001-08-18,-29.694396423442605,52.64438502859185,-2.858815202855756,8.159508689091071
2001-08-19,-31.23262659694648,52.774519863019115,-3.409133471286608,7.686554550401987
2001-08-20,-30.18619917321536,53.589469206008786,-5.4801584593893935,6.286871779298075
2001-08-21,-30.493740115281927,51.973694100405154,-6.068738511852848,5.734514100896121
2001-08-22,-30.440335046236097,53.485455716672334,-5.94095434445874,5.360670839184394
2001-08-23,-32.89173430617727,53.922394390473386,-5.970988698598913,4.940007444052611
2001-08-24,-33.5646017772249,54.99906017312498,-6.851791771471358,4.205315165144909
2001-08-25,-33.52833237610273,54.24811572930068,-7.964728282727766,3.240148916917575
2001-08-26,-34.18348596155136,55.20010012196726,-6.966011723278152,2.926028411695078
2001-08-27,-33.415148641725075,54.29392473047131,-6.983204129760931,1.0506358798887199
2001-08-28,-33.41248204766221,55.872951063992666,-5.4472519594046025,1.3250720059527588
2001-08-29,-34.16356096929175,57.3254695631138,-5.79455743709277,0.3302615160565119
2001-08-30,-33.18732433223238,55.65632138876537,-5.558902835026125,1.0684559821330553
2001-08-31,-32.604491612601876,54.70578122230675,-4.482913450828292,2.3577098932243166
2001-09-01,-34.88180578993149,53.16896339102201,-5.715388524067362,3.4020933051259488
2001-09-02,-36.13675334537639,52.76373669065733,-6.745016857537069,4.558797168410585
2001-09-03,-36.192223048384264,54.26884787135396,-3.4971517472387905,4.727854066350007
2001-09-04,-35.77261405563763,54.91496485364307,-4.102677394206587,5.126112849746473
2001-09-05,-36.19481507833865,54.471629788679365,-4.3920689432794475,3.2026881251575414
2001-09-06,-37.23762667318437,53.785795308475905,-5.289987031686929,1.777974179270907
2001-09-07,-37.780210757270524,53.60854033337528,-6.258313992692392,1.9243097238507485
2001-09-08,-38.400116884631096,53.24757465039411,-6.491267492632153,2.2360366252786643
2001-09-09,-36.90921665112561,52.48803035459345,-7.04552289181086,2.2380649437297064
2001-09-10,-38.72297178973335,53.0459215610784,-7.6413486299545035,1.2637912121547905
2001-09-11,-40.46645148929518,54.40321492662754,-6.799253696002141,0.889261039840274
2001-09-12,-40.10130619618263,54.435008089913275,-7.351138071935391,1.1368626208540387
2001-09-13,-39.216256874503614,55.600703649922245,-9.902975222430227,-0.40335567888433155
2001-09-14,-39.07687418647306,56.68144920898547,-10.801164580908313,-0.47094792779123706
2001-09-15,-39.48459735344962,58.04875417105384,-11.241180964470184,-0.1121975324187553
2001-09-16,-39.28457334030257,57.74595418653301,-11.892605343733546,0.5233742368803574
2001-09-17,-38.66756967243217,58.385476789935645,-11.03565648162985,0.08346165074526574
2001-09-18,-38.780048313391866,59.16142105670062,-11.663840060649227,1.3590572668760001
2001-09-19,-38.82894557938768,60.02663958694678,-10.90187043729168,1.0873357765777008
2001-09-20,-39.26328496023893,60.20692953945686,-10.856415481204253,3.082306251567876
2001-09-21,-39.31925105021934,62.85329429502044,-9.987997754701214,4.6593130303884704
2001-09-22,-39.155092815456854,59.51213428436908,-9.330312654410601,3.2811918010232715
2001-09-23,-39.47716825296167,58.177487015835815,-10.358699590679604,3.7253206784880306
2001-09-24,-38.92704511048499,58.80950202662644,-9.536196553325782,3.3705517186841716
2001-09-25,-39.72129771322077,58.39612623935105,-8.318016198037473,3.0208148306166884
2001-09-26,-39.7475297082792,59.01916352868276,-8.544954580057206,2.417954135667892
2001-09-27,-40.396825577077735,58.69957336614444,-7.46968001349456,2.6449131291877497
2001-09-28,-39.659312341726945,58.629206769330914,-8.947813849121195,3.3644274589941645
2001-09-29,-40.965286678181144,58.09206386521643,-9.779003122515997,3.3642482421490754
2001-09-30,-41.774277441029874,56.53202984689161,-9.426589847724292,3.3748471818772927
2001-10-01,-39.62528092105436,57.60922022030706,-8.626065887888918,3.6188101015537546
2001-10-02,-39.53491777389908,58.24585757186496,-8.386508693874571,4.367821704177473
2001-10-03,-39.32813178752696,57.787549127462015,-8.26575826904136,4.988702035216493
2001-10-04,-39.833334241301905,57.69320603000324,-9.85491749273494,5.942670448706195
2001-10-05,-40.32779722320417,56.88315492207881,-10.05634553297457,5.128347988882516
2001-10-06,-39.31583789384757,57.269582101812084,-10.67026581352872,4.8705130900592355
2001-10-07,-37.89779930958766,56.84544422686666,-9.642687395590361,4.467319799894931
2001-10-08,-39.722094163501694,56.14455533449555,-10.679229647725048,4.010266444527296
2001-10-09,-37.066371105858224,55.64620915378228,-10.808538178023952,3.263731403343373
2001-10-10,-37.04335075290599,54.941537490400954,-9.715833793656019,4.55416862151001
2001-10-11,-36.661935496061936,55.95826009911188,-10.363527763769223,4.525654359919754
2001-10-12,-35.700423804519744,56.87533212184919,-11.925546903326303,5.903581322920942
2001-10-13,-34.79709365251778,56.98938652697838,-11.079096351553652,5.476736682240436
2001-10-14,-34.79727293677892,56.45154529712952,-12.301327736349478,5.803644070071384
2001-10-15,-33.50867544022791,57.54709323582058,-11.74708244643061,4.9194133807290426
2001-10-16,-34.5525473302412,56.769716495365216,-10.606028083049555,4.404931666702316
2001-10-17,-34.70258395845623,57.19380181470297,-10.828046202258463,5.062526855656873
2001-10-18,-33.78731640552043,57.2278585262612,-11.607116241726496,5.151322137516064
2001-10-19,-35.83650821962941,56.00963955893532,-11.66971341112277,5.070448909172989
2001-10-20,-36.65441951295701,54.52693817922621,-11.778045839428007,4.223854007542276
2001-10-21,-35.09840021717879,54.754762483920324,-12.718358380753331,3.076938094963729
2001-10-22,-35.0419297675167,55.29590290963005,-11.993854222670228,2.873008650465354
2001-10-23,-35.51734372735303,54.93480017920823,-12.943744623432185,2.411599018473342
2001-10-24,-34.923413309485284,55.67898492112742,-13.575078244264102,3.574237959037474
2001-10-25,-35.75676313893862,55.36863020401367,-13.07291407581277,2.1138466085187
2001-10-26,-34.91533534957765,55.049085483901045,-13.578732969363754,3.587739850800503
2001-10-27,-34.41028360050621,54.52095456483868,-13.531415447026873,2.0631157123123485
2001-10-28,-33.18329030374848,54.230724308741706,-13.861913050920187,1.613565526629348
2001-10-29,-34.78110983565485,53.155878504122526,-13.659040794256256,2.1185505720437683
2001-10-30,-34.57402465032186,54.151226645692034,-12.559217604861589,2.4249989229397206
2001-10-31,-34.1748166261373,52.276663757658184,-13.308733539302363,2.7091337113951406
2001-11-01,-34.37217148386683,53.389256027433646,-13.400160940092846,4.54494649768977
2001-11-02,-35.578310826532984,55.995829625809556,-15.448277620465939,4.084646282886704
2001-11-03,-34.270029133296404,55.91301685204563,-16.843026764739506,2.4966308167046387
2001-11-04,-36.357825080523035,57.59877886810939,-17.625455738929787,2.0336410736406014
2001-11-05,-37.00662342316743,56.63387081062757,-17.176478352092253,2.7192390902830814
2001-11-06,-36.276962166400885,55.34224196579226,-17.337511340938107,3.1831870520009744
2001-11-07,-36.461969015997276,55.668955327536544,-16.13493928099321,1.9156448587495052
2001-11-08,-37.97887759609686,53.69533743202895,-17.90990325165949,2.563756916639296
2001-11-09,-37.95409659987131,53.47354125495047,-17.79135544176162,4.108000060866171
2001-11-10,-35.45648768915322,54.52086583322912,-18.20943570122891,3.799459770666492
2001-11-11,-34.71521909899457,53.93654098622519,-17.365169767065126,2.5496473639237003
2001-11-12,-34.95626630332075,53.94215261024947,-16.59991554029608,2.7857717195836
2001-11-13,-34.780499348968135,54.23092995457588,-15.950285609162759,1.310988398710195
2001-11-14,-34.24805716357592,54.979975959495256,-15.376218091908276,3.1803556345306347
2001-11-15,-35.04969725718348,54.603365091013195,-14.838070350218887,2.597358398872566
2001-11-16,-36.29146655496423,54.95395811250232,-12.632657690847166,4.428527111281723
2001-11-17,-36.45956392726145,52.244960487654744,-12.210131725407846,3.7002424170770274
2001-11-18,-39.00507227522714,53.02521543337462,-11.500329154404179,3.664068624899836
2001-11-19,-39.5759346873579,51.581150912743105,-11.301897802158372,4.114247518923552
2001-11-20,-40.43051711551084,51.79547955254484,-10.331673325481097,4.994742959930155
2001-11-21,-38.41641648489154,54.33251733717206,-10.064261752698858,5.072232038971108
2001-11-22,-39.07220302626837,54.15131271056576,-9.608928540565604,4.920409299809468
2001-11-23,-38.5895568487306,54.94416931552636,-10.581771469703687,4.820131705029497
2001-11-24,-38.34876428332495,55.541295516810024,-10.451198155991351,3.3599549340133947
2001-11-25,-37.78140469490297,54.924953173171325,-9.398247577452654,3.230851893630228
2001-11-26,-36.47269055606172,56.47333720640677,-6.803316807878461,4.671856525585598
2001-11-27,-36.416757887081545,57.38043734087045,-5.39262997108726,4.026212874247488
2001-11-28,-36.331257044515624,57.83003770723343,-5.421526483186866,4.878188962939545
2001-11-29,-35.65000810873435,57.028207875288075,-5.3302701684235565,4.429780199902949
2001-11-30,-36.9056227245224,59.455545980283645,-5.567320955206691,5.0701310128668835
2001-12-01,-39.09890462609162,58.94644930750103,-4.632296283201337,4.548975946948384
2001-12-02,-37.78204243628884,58.30000983525365,-4.915489827908419,4.755632934700878
2001-12-03,-37.014710420331724,58.1428640795249,-4.734312584632014,5.064326939197581
2001-12-04,-36.98992965181907,56.68700090187474,-5.679096068285529,3.737880222009017
2001-12-05,-38.5553887481664,56.447131042542026,-6.200398535692668,3.2827020025079827
2001-12-06,-38.24548264299883,56.32613967783907,-5.940386475924175,1.8245364170377527
2001-12-07,-36.78075022162504,55.90935023677887,-5.666493355362935,2.624727028129913
2001-12-08,-36.94087164752911,52.6731905503393,-6.453661375081285,4.354530349755396
2001-12-09,-37.228051962950836,52.33714307475117,-8.699594267963937,4.920256864377129
2001-12-10,-37.11130396113862,53.275384456789254,-9.435935360063075,6.413870664660395
2001-12-11,-39.136513920227216,51.59416797824575,-9.598167677846199,6.954281912283827
2001-12-12,-37.26448291957976,54.18922532584767,-9.217663142953628,6.343799970400694
2001-12-13,-37.35074704149142,53.34204176800644,-9.424011696225696,4.472972386331244
2001-12-14,-37.834623700438556,52.72628186430534,-9.929849282181179,6.996720504423972
2001-12-15,-37.73648030167085,52.410049168945164,-11.254285967361932,6.653832436832505
2001-12-16,-38.161164976106775,51.99360606058737,-10.627798484221499,5.080331835778394
2001-12-17,-39.680486256620725,51.24747282832788,-10.533912722139716,4.775004573971988
2001-12-18,-39.41933346994418,53.72078914885979,-10.145917249139156,5.9490651199313085
2001-12-19,-38.657459581388565,54.69505896937712,-11.18208511398925,5.469530681065093
2001-12-20,-38.42067030700602,53.2850891427051,-10.619485959482558,5.1615721978844205
2001-12-21,-38.760170963880384,52.81454984639239,-10.648342583088908,5.775506643860549
2001-12-22,-39.82712418392186,51.95759599674,-11.366113305779134,5.633298495014596
2001-12-23,-38.65066619613174,53.80954809918008,-10.383152440024999,5.757129239324888
2001-12-24,-37.92422309489776,53.34687436830976,-9.757307914049335,5.656049441885606
2001-12-25,-38.26028351409302,54.408540664589985,-8.530675272477646,5.5288738718878285
2001-12-26,-39.20161601036945,53.44945155013268,-7.552254125210677,5.713153246260169
2001-12-27,-41.12482786381597,53.820638148211245,-7.807648482831438,6.102831108141349
2001-12-28,-41.317780044988794,55.81762197533967,-8.675068967260462,7.543867776541124
2001-12-29,-41.07083109589723,55.425813688269756,-8.894428519464666,6.161706253220843
2001-12-30,-40.557520017125206,53.615096519526595,-9.678637039353672,5.856824670615561
2001-12-31,-40.34246846842055,53.069531535801545,-9.512251210137023,6.533750238270941
2002-01-01,-40.02407200816833,52.1515879317263,-9.469985935073248,5.234792550816905
2002-01-02,-40.91178811866723,50.442572667247134,-10.550181756816038,4.481366921107055
2002-01-03,-39.876888818574464,50.06237827040203,-9.804759084736604,2.4184722009934054
2002-01-04,-39.90560734761981,50.67613784202052,-8.587838081784017,2.075017228085135
2002-01-05,-41.597116836548125,51.38400342391342,-9.65348738916536,2.184580167579636
2002-01-06,-41.29624728116234,53.21195880984781,-10.20142850875418,1.6018985107050292
2002-01-07,-40.3520607356547,51.6556518874583,-9.293115459853102,1.850954709712151
2002-01-08,-39.88372963146844,51.259241668517205,-8.475195953663015,1.2444856498099122
2002-01-09,-39.52055238584773,51.360057972446114,-7.7675603999766665,1.8641980236609197
2002-01-10,-40.643073126174905,52.93813210838166,-10.165253260653198,1.613177764939794
2002-01-11,-38.7649966447484,53.25239064180328,-11.716421366912776,1.5461260955286815
2002-01-12,-39.36866949921096,56.042711078398895,-12.630123564394383,0.8428138928810233
2002-01-13,-39.589125991084465,56.37852658159029,-12.489451970241225,0.9669617995904919
2002-01-14,-40.36828557405099,54.54288309299626,-12.597229392473162,1.0393284014402517
2002-01-15,-41.1572369185545,54.54669855490137,-13.401733439396985,1.146042268517509
2002-01-16,-41.62778003276148,55.821156844610215,-13.120608521075951,0.7582908786485307
2002-01-17,-42.20226737818718,55.872012594688684,-12.82189813925373,2.336126111539768
2002-01-18,-42.28208160176317,56.056246714694765,-13.599122806758507,0.46168871810473355
2002-01-19,-41.69890290729001,58.39909238829939,-13.938963532172414,1.3784772709741842
2002-01-20,-42.46400570488725,57.901951504592915,-14.149586361151263,1.7581392820373019
2002-01-21,-43.11642871092025,57.56475007867812,-13.739081684298782,2.9177603682107014
2002-01-22,-43.43857829389575,57.087091053336934,-15.514290128009884,1.512539820947159
2002-01-23,-42.687877559845134,56.393326468323195,-16.869140481410543,2.598780812494547
2002-01-24,-43.598168448437704,56.232330225337755,-16.90829018687729,3.9920128373975032
2002-01-25,-43.70737392165227,56.979662379278984,-17.35609043925682,3.5492927678891055
2002-01-26,-43.444388693385754,56.06615893387582,-16.119144762117035,3.348864942246582
2002-01-27,-41.662279146052356,56.72819575349486,-17.56562729846533,3.4381687626821815
2002-01-28,-43.65096503553768,55.30747897230482,-18.31244560026424,2.6895430409437533
2002-01-29,-43.729901089781706,53.60887291991718,-18.527562562402434,3.774026136214866
2002-01-30,-46.13558836906631,50.68526809634068,-19.322414793007223,3.9900987957493497
2002-01-31,-44.02906964911909,50.87661827062956,-18.813650503737037,3.7668159359003557
2002-02-01,-44.6766337439275,51.50803405131555,-18.24025686977093,2.5885669655544525
2002-02-02,-43.66999954395772,51.03198782513108,-19.447314236560107,4.223871532944837
2002-02-03,-45.01135288850491,50.90542310279533,-18.84902617420635,4.394315107133425
2002-02-04,-45.82511637796098,50.3326650087647,-19.04495009566426,4.629266920163588
2002-02-05,-45.23890665677623,50.24444004090388,-19.69012341259095,2.7915268203712973
2002-02-06,-44.35178967282076,50.55361310058784,-18.135049980238858,4.029098998520131
2002-02-07,-45.47903161941561,49.39523446668092,-19.354371170789694,4.996836234203672
2002-02-08,-44.9756985861384,49.593457499511004,-20.510911487832228,5.19377743396302
2002-02-09,-46.94091320864813,49.66482554164765,-21.501296669993838,3.4522666709051015
2002-02-10,-47.49434231007858,51.1014058511694,-20.60848621618741,3.6910632117700484
2002-02-11,-49.0575431603049,52.41489482244709,-21.530310805078486,3.510613740103127
2002-02-12,-50.82782823239035,51.99549160119026,-22.879266148310922,2.9845190009655926
2002-02-13,-51.08315835684434,51.17854514464253,-22.28303058527476,1.9560701423588214
2002-02-14,-50.91560758343833,51.183920857991644,-22.415373419894188,2.4973026295270846
2002-02-15,-50.7282242586172,51.78652088053831,-24.91110651871659,1.6424853512252762
2002-02-16,-51.22584192225317,50.868100195122686,-25.232868215706482,1.7497593224041657
2002-02-17,-52.626639900438946,48.41508163732651,-25.556169680060908,1.1861808947494072
2002-02-18,-50.7713804682946,49.92724939849328,-24.600834955310994,0.3019793703684345
2002-02-19,-52.01209861357461,50.236432742354395,-24.827064001672046,0.052045952607817525
2002-02-20,-51.95414783316559,50.309742797213076,-25.982854852054075,-1.3454427746716657
2002-02-21,-51.26226295180217,49.37322840203262,-27.461115077582836,-2.272003574937367
2002-02-22,-51.43756276861774,48.73849553774627,-28.78724277126254,-3.436778764890593
2002-02-23,-51.87362775544792,47.76946424926697,-29.535211140668288,-3.5713751879716504
2002-02-24,-52.289923700539624,48.530476761641594,-29.13220559355688,-2.8994367216439985
2002-02-25,-53.68928214231927,47.57474988425451,-30.08031482256251,-3.076081243586789
2002-02-26,-53.3975126392763,46.550334600028286,-30.371538221232225,-4.0564888534062735
2002-02-27,-52.7471108511685,46.724350938838604,-32.756321164564405,-4.79641073156607
2002-02-28,-53.53334722215917,46.09543299756421,-32.19032720037937,-5.840597599337243
2002-03-01,-52.69884752840655,45.18692503058804,-32.43104969439597,-7.331819718648343
2002-03-02,-52.52495589969174,46.63879732771689,-32.27190724594813,-7.9462840010318185
2002-03-03,-51.32546544914713,47.86375403963409,-32.170556160257675,-9.652992898767979
2002-03-04,-50.66405997202928,46.82782923588358,-33.79706020656322,-10.37399961130252
2002-03-05,-49.00482095581649,47.346449434902844,-33.67599043322423,-9.331326209983251
2002-03-06,-48.68224616625931,48.62206520838151,-33.24366045247182,-7.942659340609875
2002-03-07,-49.17148043364162,46.18305605863673,-31.925490511329283,-8.532926192056776
2002-03-08,-50.894055279991356,47.678979168506416,-30.679547416835444,-9.135547163783706
2002-03-09,-51.74175348612519,45.13266624240119,-30.16878217661448,-10.212345929637648
2002-03-10,-51.94491122133324,44.35697791592965,-29.869983812293196,-10.095084461104088
2002-03-11,-52.64218283760624,44.82225821535004,-30.54779720663365,-10.378973698336306
2002-03-12,-54.39209687630365,46.045421411003666,-29.400883454593703,-8.427858143871395
2002-03-13,-55.500345521223444,48.538049131313336,-28.844013091583545,-8.965475187264065
2002-03-14,-54.4696019143808,48.19488619926187,-28.75164961639686,-7.878380235770325
2002-03-15,-52.50850455857858,48.28894123193319,-28.90214618628032,-7.846895429396563
2002-03-16,-52.564148521313214,46.94011994784258,-29.31371374022656,-8.959522859306377
2002-03-17,-54.807790832356346,48.28412803972054,-30.8749839156744,-7.696482406602224
2002-03-18,-56.17310882971947,50.59898349565337,-30.896788594084033,-8.252043144847748
2002-03-19,-55.490732493314894,51.84503025860094,-31.19085413639017,-7.911681618662688
2002-03-20,-57.38181345707953,52.12612921396895,-31.99137529426121,-5.793061296862422
2002-03-21,-57.927499873465116,51.953116514565835,-32.672766240075106,-5.826273467910764
2002-03-22,-57.565469404275284,51.76753947510976,-31.432248868634346,-4.281756693023358
2002-03-23,-58.72975908616228,50.294808768416075,-32.20023793118922,-3.9586447763405985
2002-03-24,-57.53377938313132,50.27601925716334,-32.05731231286694,-3.5859615718589275
2002-03-25,-58.07967421460007,49.9771000800077,-32.309987432612665,-2.2399998547636537
2002-03-26,-58.59605503850584,48.120401114099245,-31.892570121190285,-3.3480698986606274
2002-03-27,-58.65179268584937,48.679237848694605,-33.099233839445525,-2.745422700819053
2002-03-28,-59.79158059777034,49.17435782838743,-33.06425370305641,-3.0838649040731125
2002-03-29,-58.429383284438984,48.82292680682235,-32.25374570411612,-1.2013942392116792
2002-03-30,-58.0243173053741,48.88613676269,-31.947750076993895,1.5146387457591606
2002-03-31,-57.55558710957379,49.52426894174572,-32.342926125662935,1.16524261156842
2002-04-01,-57.76249826011646,48.33057010526197,-31.728398219028538,2.6703634076075042
2002-04-02,-58.49049365342226,50.00373067103652,-34.10167138143001,3.3871323426746285
2002-04-03,-59.39961895706696,51.2307375268354,-34.76827383138132,4.688822784715161
2002-04-04,-59.735278186107024,52.54880732753474,-31.927214635731666,5.1576942086547
2002-04-05,-58.47398117633889,54.07468831107819,-30.94960295662793,4.505657464694248
2002-04-06,-57.95504063914403,54.87554052191281,-30.50194319604296,2.517435491637425
2002-04-07,-56.513363038270015,54.19439286581808,-29.878637291888992,1.7451443216873601
2002-04-08,-57.36898390385053,54.73124954659695,-29.908463018951835,2.002257728526423
2002-04-09,-58.34787436977265,54.69318302318409,-29.378105588385466,0.728723886329
2002-04-10,-59.847211792956585,55.70739460543728,-27.18536542741291,0.3431413995729528
2002-04-11,-60.7297796737694,53.54003663410448,-26.556722633039307,2.108572811703356
2002-04-12,-61.42337357359826,52.65460881205751,-27.703521379140525,4.078270256903934
2002-04-13,-60.113354758869605,52.30615783903241,-25.629241412981507,3.0571029810418073
2002-04-14,-58.84643898497013,53.43327747602539,-24.697273326264234,3.3701186724603254
2002-04-15,-58.37923934373125,52.96426642573979,-23.626077715962893,1.6012716133571314
2002-04-16,-57.8616656237486,52.941589137959056,-23.453376982253737,1.1309604773784498
2002-04-17,-57.72098558514426,54.1013361819973,-22.794634960789644,2.00397968074272
2002-04-18,-59.70841188868182,53.733527310513026,-22.787474195934397,3.3044657592875284
2002-04-19,-59.8742965800832,54.07067664923418,-22.180637863502817,2.481831187688968
2002-04-20,-59.158880345517915,53.333659266737676,-22.300503694985625,3.2238345190408157
2002-04-21,-58.87220062168462,53.017479588993545,-22.21593894912562,1.068073409118766
2002-04-22,-57.690798253667246,52.377391756523686,-21.216120024036748,0.998875952262408
2002-04-23,-58.03164450724621,51.25663472704524,-19.98047717114411,1.3232034750139807
2002-04-24,-57.828147458985256,50.607909706430384,-20.81554149706133,1.2615556862072819
2002-04-25,-57.93212847409847,51.04295148729211,-18.507355204548464,0.28196554109567606
2002-04-26,-58.28818853199718,51.1774824860642,-19.08441772861837,-0.0716061145124261
2002-04-27,-57.19243597705559,50.44641429032428,-20.59560720502526,-1.4720912902273726
2002-04-28,-56.199995102617486,49.97230756649592,-18.736740432336052,-0.7897038492125723
2002-04-29,-55.69969546049181,50.19383756224746,-20.539153034284965,-0.651539503049822
2002-04-30,-55.75224336168849,51.49206205535031,-20.768080660849037,-1.9583031433955456
2002-05-01,-56.34225711386312,51.28821038645033,-22.204602355574817,-5.627589150704458
2002-05-02,-54.96815717412366,50.1493466377241,-22.285261581275797,-5.723425365257505
2002-05-03,-55.31809847460392,51.40535663482347,-23.13631558448082,-6.844219648471364
2002-05-04,-54.95152279922592,51.729181623525875,-23.4517791719174,-6.954087999882924
2002-05-05,-54.74185361860841,50.9721360171701,-23.56579948616344,-7.0513467859863646
2002-05-06,-54.76233316777523,51.678216249250816,-22.350941981730326,-8.70923516662213
2002-05-07,-53.6639606177916,52.39083304543637,-22.741669508720573,-8.573986583550363
2002-05-08,-53.80050146415555,52.173300143666175,-23.504978954873206,-7.044538701565177
2002-05-09,-54.6467315700588,52.68416966662273,-22.712149653705612,-6.408635456849559
2002-05-10,-55.25225860752114,53.07867993735129,-22.7439410913776,-5.929980059231337
2002-05-11,-54.60088530017373,52.98341749323695,-21.90612142776682,-4.887555208056784
2002-05-12,-55.488186285396964,52.91676312972151,-23.059793221077516,-5.704265931353401
2002-05-13,-54.867765963314454,54.17471712291922,-23.974085884992714,-6.112908565536268
2002-05-14,-55.49238842098009,54.39411020661423,-24.960036642907937,-6.4314891101879414
2002-05-15,-56.352562453360285,54.14803109268992,-24.490565229390562,-7.230251887230319
2002-05-16,-56.22944224929443,55.05273312483652,-23.5996569810772,-7.430397030733871
2002-05-17,-56.74511173984407,56.04937183415974,-23.997818238098926,-8.100883371852412
2002-05-18,-57.90776383736244,56.83978387717114,-22.980538754289654,-9.430211417791345
2002-05-19,-58.60665645587252,58.81716583130493,-23.25086067633164,-8.587959135055327
2002-05-20,-58.18647882258035,58.672180146601164,-22.568327417324245,-8.593488185632957
2002-05-21,-58.02016394341959,56.64014917237614,-22.484083485354212,-7.449855000016503
2002-05-22,-57.29320769618762,55.48926761248266,-22.56698186768993,-6.854652116989969
2002-05-23,-56.328989812074205,55.48470104918723,-22.19805008133103,-6.591381389376872
2002-05-24,-56.61560828336473,56.470408981341905,-22.55687175975856,-5.9804151574833995
2002-05-25,-56.54831065773069,56.407090690339906,-22.884353151165694,-5.674345027154887
2002-05-26,-57.18830763229142,55.31673335217708,-20.65873738531329,-6.433928037717823
2002-05-27,-57.97341518888153,56.15018760490969,-19.5185762263068,-5.455253122649757
2002-05-28,-57.58974336551663,55.41413559046661,-17.92369849987023,-6.853415396373633
2002-05-29,-58.398881778571884,54.56212266407895,-18.40899233825899,-7.994289265338495
2002-05-30,-59.630807808933724,53.557522454893885,-18.41305526313113,-8.019233100152487
2002-05-31,-59.971023728228026,54.33835402127147,-18.994173875759213,-8.329185541497246
2002-06-01,-62.06355878537967,54.25452940833925,-20.076013529679855,-8.685740116391015
2002-06-02,-62.56148492862255,53.69529515575063,-19.109788894680186,-8.508779873674476
2002-06-03,-63.156303780967136,53.30090100063162,-19.0520754699786,-8.720285076207203
2002-06-04,-63.38677197648672,51.97681070409385,-19.209255075684958,-7.593232911217622
2002-06-05,-64.16141795291406,51.895051294537815,-18.91147311419745,-7.50951342717154
2002-06-06,-64.04959415660447,52.353321480464984,-19.53894388869475,-6.566026427282183
2002-06-07,-63.867479481671985,51.65035101474832,-20.684170246730147,-6.846507676528341
2002-06-08,-63.11801714973939,52.01589293685352,-21.453776841348574,-3.948441429455408
2002-06-09,-62.320512050949404,50.9454427918676,-22.391034663466176,-2.883898830360124
2002-06-10,-63.179687027086366,51.5722878810644,-21.569390092171943,-4.011277315168144
2002-06-11,-64.71071224328013,52.21447111435733,-21.708387704111875,-4.811292430004054
2002-06-12,-65.34584621040867,54.07543126586342,-21.763816536442235,-6.157511253050546
2002-06-13,-63.056208608647765,54.05324173966451,-22.21420634710944,-5.52030526910131
2002-06-14,-62.39687706041402,53.534794078280086,-21.651855803177934,-6.407589348387604
2002-06-15,-63.080812259886066,52.19670536413287,-22.050545339717743,-7.350782416165097
2002-06-16,-62.74493129770467,51.188209273893115,-23.1620427402544,-8.840344595468041
2002-06-17,-62.56680349016561,52.10685759847363,-23.76836138245534,-8.861941561201691
2002-06-18,-64.25350150099256,51.43844798291217,-25.105032419494755,-9.051858906767638
2002-06-19,-64.94932648038085,51.44375249746918,-25.5709330633723,-10.150955181283004
2002-06-20,-65.27765060330424,50.594504937315136,-24.287558100618853,-10.892834195398944
2002-06-21,-67.20152490758339,51.93029211890427,-24.764056297338666,-10.784835526432627
2002-06-22,-67.26145644375778,51.59114680192664,-25.280832343000114,-10.402289979175865
2002-06-23,-68.70061223367006,52.133535294249725,-25.913456021431323,-11.358946954866784
2002-06-24,-69.98544280080247,52.18731926163953,-24.844824325012844,-11.239512540889686
2002-06-25,-70.1761379076746,52.400312579732635,-23.9657433090241,-10.82895508607746
2002-06-26,-69.64914454161897,53.39673463912528,-23.470054569294014,-13.248876382171167
2002-06-27,-68.9356371055767,53.62993226232905,-22.814868946093288,-14.410081068012111
2002-06-28,-67.83018823796971,53.669395265452245,-25.002678857160905,-14.291818325724314
2002-06-29,-67.98718505470553,52.91849423330439,-25.725060589776263,-11.554334643044431
2002-06-30,-68.55331880871832,53.47215139292218,-24.620917321794334,-12.146491998676105
2002-07-01,-69.10394379380452,52.09644071132142,-26.581269530604686,-11.404516575317917
2002-07-02,-68.3341257154005,51.25761026848096,-26.236268238309524,-11.918593328341766
2002-07-03,-68.26918966825491,52.998475780320156,-25.265810397114116,-12.345478889099416
2002-07-04,-66.8490670085487,53.71301344575476,-26.129278966852933,-11.554283910405239
2002-07-05,-68.39187701256733,54.41881066604747,-25.62306542724871,-12.671401946278703
2002-07-06,-67.78277880685745,54.02322999598545,-27.730708252075207,-11.49677494983449
2002-07-07,-67.90355626222168,53.51042757331895,-29.74372966442113,-11.438766623848611
2002-07-08,-68.7848783155129,54.99155411772128,-29.498050456303435,-10.560638326472523
2002-07-09,-68.54799379131619,55.1523632995673,-30.626583802065582,-9.844589257751839
2002-07-10,-66.93802351309607,55.22099343876964,-29.4432200571227,-8.995929272808164
2002-07-11,-67.194749895232,55.85744815812787,-26.508220487940726,-9.269652795404198
2002-07-12,-66.8779040035685,56.0423632182153,-27.006877208198887,-7.703112970420269
2002-07-13,-67.44450470493518,55.86216154973117,-25.817156229371573,-9.566128772702294
2002-07-14,-67.40797393920214,52.744322306815704,-25.812810894998115,-9.280855853331966
2002-07-15,-68.84335899788944,53.38775843247264,-27.631737536769887,-8.80073241830804
2002-07-16,-70.84359179611604,52.401030564851766,-28.578908563191586,-7.5179020183431104
2002-07-17,-72.12628989038234,52.49797546139474,-27.94253538444303,-7.286948070460104
2002-07-18,-72.19802750846151,52.93939675346735,-28.450128128533823,-5.078608416508922
2002-07-19,-73.58118214785559,54.04198255013767,-27.09037239883447,-5.841433726687194
2002-07-20,-76.39196787867925,54.71355960881411,-25.76842291375613,-5.485768952965811
2002-07-21,-74.5492873971454,55.30236790120438,-25.52346416788243,-5.580754830855688
2002-07-22,-75.44405673387912,56.347039833702354,-26.0716049205824,-5.904985777302808
2002-07-23,-75.83798455111582,56.70026481733487,-27.176828821217672,-6.63605136326824
2002-07-24,-76.34868087615091,56.085414535353166,-26.29425391055996,-5.72948648507794
2002-07-25,-77.17964061465435,55.69477394020063,-26.250322746856927,-4.146137102210971
2002-07-26,-76.87615573688579,55.536317855221604,-27.642722010332704,-5.422996154157876
2002-07-27,-77.80625450511495,55.4241866234406,-28.77738807256242,-4.514184339529205
2002-07-28,-78.02478128785118,56.05976638676982,-29.406618434065944,-6.0938356752545495
2002-07-29,-78.16771395451241,54.66423272873161,-29.618698699849343,-5.974375439945889
2002-07-30,-76.66955761732325,53.30365535603182,-28.06376834119607,-6.822321461623393
2002-07-31,-77.7453834339003,53.712232779703044,-27.46224480342467,-6.418744350026986
2002-08-01,-76.56739038066014,54.34730008386726,-29.331177024948122,-5.927022684646397
2002-08-02,-77.97339849562788,54.3089064056648,-27.922216303724607,-5.995723877428021
2002-08-03,-77.28071874304392,56.00962196099477,-27.462261349050905,-4.024779094260859
2002-08-04,-76.1625079168181,54.7279013533784,-28.84049071524748,-3.1825320122054688
2002-08-05,-75.96066059671352,53.80002349149419,-29.631236314854466,-3.858106104921784
2002-08-06,-75.73766311476629,54.58522627111718,-28.980182535403998,-5.158662157867138
2002-08-07,-77.14237833069593,54.45183412940559,-28.968372450410527,-4.878812918692523
2002-08-08,-78.2703786188596,55.22542461364117,-28.479243686685773,-4.516713341731394
2002-08-09,-79.87072932248789,54.71923696693495,-29.55785356098823,-6.333516499364464
2002-08-10,-80.4566563518031,54.3082184798957,-28.37873821204911,-5.329260370493275
2002-08-11,-79.63416092044484,53.91524304143647,-28.62457081974885,-5.962592781976638
2002-08-12,-79.54926165758053,54.42668456014539,-28.65744645800496,-5.617835097509275
2002-08-13,-78.18796631086539,52.61545568768892,-29.32477306050801,-5.348573458616949
2002-08-14,-80.46801960020991,52.931662883347485,-29.71888841892452,-5.756755149107691
2002-08-15,-81.0338399289734,52.66456321588056,-29.173210774524172,-5.742321440064517
2002-08-16,-80.27016002538757,53.05854541298037,-29.82376772039674,-7.303981378081258
2002-08-17,-79.7642357268107,52.87445221776701,-29.93938814822004,-7.987878874202464
2002-08-18,-79.90282830309943,52.464901931800796,-30.618193855886965,-7.35039475475509
2002-08-19,-80.58529499338563,54.41298469750581,-28.60920631353821,-6.150978206830498
2002-08-20,-81.3484502292381,54.174750007869484,-29.423545486287086,-6.794178090173502
2002-08-21,-82.09985836811045,55.774519634714984,-31.655188410680704,-8.811349694741768
2002-08-22,-81.94527699210187,55.381247550047036,-31.487809879524356,-8.980442706513486
2002-08-23,-82.32374562982827,54.26935503798201,-30.21868326112103,-10.891316365460302
2002-08-24,-81.87202544233077,54.88548838815472,-29.769871253237902,-12.747800614482921
2002-08-25,-81.51252822999267,54.75541349271277,-30.157669470100778,-13.231553486022799
2002-08-26,-80.57226627253586,54.014047176754204,-29.60756278040484,-12.774661246873412
2002-08-27,-80.48416539138931,53.91390106673317,-29.367922449015282,-14.38883698540839
2002-08-28,-78.40264673862906,53.64583678559046,-28.331847775373927,-14.943174515235699
2002-08-29,-78.35857093568148,53.838634933773776,-28.90466075742764,-14.821655722080283
2002-08-30,-79.19915682187921,52.9865585155712,-29.160007500832066,-15.529478140281329
2002-08-31,-79.1237338108154,52.86889152879091,-30.774898421455642,-14.612858524871875
2002-09-01,-79.51758390058036,53.059170716614304,-29.69964830662193,-16.384478322181437
2002-09-02,-80.80436223894839,52.958526388336715,-30.11866494291671,-16.940764009010056
2002-09-03,-80.28713723443387,52.93730762821114,-29.976468514555915,-15.780992877663918
2002-09-04,-80.72803218563814,52.83871817567757,-27.828741400387617,-16.143782114267538
2002-09-05,-80.60963164384842,52.627034281590944,-26.26575371914328,-16.77091582347052
2002-09-06,-79.44461427576591,52.857889043666525,-27.19265498828368,-17.62537107916205
2002-09-07,-80.39952839991608,50.8583731070225,-28.02114542256139,-17.503916723222343
2002-09-08,-80.97523853866525,50.59022201274325,-26.305945502377586,-18.97530800740467
2002-09-09,-79.96157333195634,51.42948969498802,-27.342696586312897,-20.12484908457904
2002-09-10,-81.07702638377846,51.436849685939315,-26.24292867155386,-19.82815951202763
2002-09-11,-79.83667403939799,50.003258855918,-26.176153508635995,-19.732620334198945
2002-09-12,-80.1813640526006,50.94034720843817,-27.462204468136285,-20.281699391477144
2002-09-13,-79.8049326547478,50.40287685878192,-27.491399116940258,-20.549760390897063
2002-09-14,-79.49871102045633,49.91093960488695,-28.021060942042826,-21.882738921316175
2002-09-15,-79.80682765051166,49.476017391845936,-27.54600571414982,-21.04000310946227
2002-09-16,-79.50235149081979,50.15219929968571,-28.11378253789092,-22.316441099022736
2002-09-17,-80.36184585469275,49.5676087510866,-29.29189059263091,-21.2286250380643
2002-09-18,-80.56940846934901,48.45325828698983,-28.494211382344368,-21.033097433044947
2002-09-19,-82.42886094882957,48.51449664538755,-27.808925601320862,-21.601702521934225
2002-09-20,-82.04540538839814,47.91524808039726,-27.186511391522494,-19.84266805659293
2002-09-21,-81.73875339762712,48.681047894450096,-26.44817533590943,-19.122873953283214
2002-09-22,-81.05311069541584,49.242865196753364,-25.72253492125876,-16.828452447426073
2002-09-23,-78.73754486121831,47.86560155802357,-26.120032408032596,-17.54090724028981
2002-09-24,-76.94627539505288,46.41145847036382,-25.504987898513672,-17.88535369411824
2002-09-25,-78.15914231228102,46.81661373383847,-24.557009440853072,-17.80296077523805
2002-09-26,-79.19733627082802,48.53230036363231,-24.957772582694925,-18.11222307358837
